Workbook

Sheet Summary
A1: Target Company | B1: Contacts Matched | C1: Current | D1: Former | E1: High Confidence | F1: Medium Confidence | G1: Low Confidence | H1: Connections Messaged | I1: Your Move | J1: Awaiting Reply | K1: Never Messaged | L1: Total Messages | M1: Last Message
A2: Dragos | B2: =COUNTIFS('Contact Matches'!$A:$A,$A2,'Contact Matches'!$E:$E,"<>") -> 2 | C2: =COUNTIFS('Contact Matches'!$A:$A,$A2,'Contact Matches'!$E:$E,"Current") -> 2 | D2: =COUNTIFS('Contact Matches'!$A:$A,$A2,'Contact Matches'!$E:$E,"Former") -> 0 | E2: =COUNTIFS('Contact Matches'!$A:$A,$A2,'Contact Matches'!$F:$F,"High") -> 2 | F2: =COUNTIFS('Contact Matches'!$A:$A,$A2,'Contact Matches'!$F:$F,"Medium") -> 0 | G2: =COUNTIFS('Contact Matches'!$A:$A,$A2,'Contact Matches'!$F:$F,"Low") -> 0 | H2: =COUNTIFS('Target Connections'!$A:$A,$A2,'Target Connections'!$H:$H,">0") -> 2 | I2: =COUNTIFS('Target Connections'!$A:$A,$A2,'Target Connections'!$N:$N,"Your move*")+COUNTIFS('Target Connections'!$A:$A,$A2,'Target Connections'!$N:$N,"They reached out*") -> 1 | J2: =COUNTIFS('Target Connections'!$A:$A,$A2,'Target Connections'!$N:$N,"Awaiting*")+COUNTIFS('Target Connections'!$A:$A,$A2,'Target Connections'!$N:$N,"You reached out*") -> 1 | K2: =COUNTIFS('Target Connections'!$A:$A,$A2,'Target Connections'!$N:$N,"Never messaged") -> 0 | L2: =SUMIFS('Target Connections'!$I:$I,'Target Connections'!$A:$A,$A2)+SUMIFS('Target Connections'!$J:$J,'Target Connections'!$A:$A,$A2) -> 5 | M2: =IF(H2=0,"",_xlfn.MAXIFS('Target Connections'!$L:$L,'Target Connections'!$A:$A,$A2)) -> 46057
A3: EY (Ernst & Young) | B3: =COUNTIFS('Contact Matches'!$A:$A,$A3,'Contact Matches'!$E:$E,"<>") -> 4 | C3: =COUNTIFS('Contact Matches'!$A:$A,$A3,'Contact Matches'!$E:$E,"Current") -> 3 | D3: =COUNTIFS('Contact Matches'!$A:$A,$A3,'Contact Matches'!$E:$E,"Former") -> 1 | E3: =COUNTIFS('Contact Matches'!$A:$A,$A3,'Contact Matches'!$F:$F,"High") -> 3 | F3: =COUNTIFS('Contact Matches'!$A:$A,$A3,'Contact Matches'!$F:$F,"Medium") -> 1 | G3: =COUNTIFS('Contact Matches'!$A:$A,$A3,'Contact Matches'!$F:$F,"Low") -> 0 | H3: =COUNTIFS('Target Connections'!$A:$A,$A3,'Target Connections'!$H:$H,">0") -> 3 | I3: =COUNTIFS('Target Connections'!$A:$A,$A3,'Target Connections'!$N:$N,"Your move*")+COUNTIFS('Target Connections'!$A:$A,$A3,'Target Connections'!$N:$N,"They reached out*") -> 3 | J3: =COUNTIFS('Target Connections'!$A:$A,$A3,'Target Connections'!$N:$N,"Awaiting*")+COUNTIFS('Target Connections'!$A:$A,$A3,'Target Connections'!$N:$N,"You reached out*") -> 0 | K3: =COUNTIFS('Target Connections'!$A:$A,$A3,'Target Connections'!$N:$N,"Never messaged") -> 1 | L3: =SUMIFS('Target Connections'!$I:$I,'Target Connections'!$A:$A,$A3)+SUMIFS('Target Connections'!$J:$J,'Target Connections'!$A:$A,$A3) -> 6 | M3: =IF(H3=0,"",_xlfn.MAXIFS('Target Connections'!$L:$L,'Target Connections'!$A:$A,$A3)) -> 46083
A4: Deloitte | B4: =COUNTIFS('Contact Matches'!$A:$A,$A4,'Contact Matches'!$E:$E,"<>") -> 2 | C4: =COUNTIFS('Contact Matches'!$A:$A,$A4,'Contact Matches'!$E:$E,"Current") -> 2 | D4: =COUNTIFS('Contact Matches'!$A:$A,$A4,'Contact Matches'!$E:$E,"Former") -> 0 | E4: =COUNTIFS('Contact Matches'!$A:$A,$A4,'Contact Matches'!$F:$F,"High") -> 2 | F4: =COUNTIFS('Contact Matches'!$A:$A,$A4,'Contact Matches'!$F:$F,"Medium") -> 0 | G4: =COUNTIFS('Contact Matches'!$A:$A,$A4,'Contact Matches'!$F:$F,"Low") -> 0 | H4: =COUNTIFS('Target Connections'!$A:$A,$A4,'Target Connections'!$H:$H,">0") -> 1 | I4: =COUNTIFS('Target Connections'!$A:$A,$A4,'Target Connections'!$N:$N,"Your move*")+COUNTIFS('Target Connections'!$A:$A,$A4,'Target Connections'!$N:$N,"They reached out*") -> 0 | J4: =COUNTIFS('Target Connections'!$A:$A,$A4,'Target Connections'!$N:$N,"Awaiting*")+COUNTIFS('Target Connections'!$A:$A,$A4,'Target Connections'!$N:$N,"You reached out*") -> 1 | K4: =COUNTIFS('Target Connections'!$A:$A,$A4,'Target Connections'!$N:$N,"Never messaged") -> 1 | L4: =SUMIFS('Target Connections'!$I:$I,'Target Connections'!$A:$A,$A4)+SUMIFS('Target Connections'!$J:$J,'Target Connections'!$A:$A,$A4) -> 1 | M4: =IF(H4=0,"",_xlfn.MAXIFS('Target Connections'!$L:$L,'Target Connections'!$A:$A,$A4)) -> 46042
A5: KPMG | B5: =COUNTIFS('Contact Matches'!$A:$A,$A5,'Contact Matches'!$E:$E,"<>") -> 2 | C5: =COUNTIFS('Contact Matches'!$A:$A,$A5,'Contact Matches'!$E:$E,"Current") -> 2 | D5: =COUNTIFS('Contact Matches'!$A:$A,$A5,'Contact Matches'!$E:$E,"Former") -> 0 | E5: =COUNTIFS('Contact Matches'!$A:$A,$A5,'Contact Matches'!$F:$F,"High") -> 2 | F5: =COUNTIFS('Contact Matches'!$A:$A,$A5,'Contact Matches'!$F:$F,"Medium") -> 0 | G5: =COUNTIFS('Contact Matches'!$A:$A,$A5,'Contact Matches'!$F:$F,"Low") -> 0 | H5: =COUNTIFS('Target Connections'!$A:$A,$A5,'Target Connections'!$H:$H,">0") -> 1 | I5: =COUNTIFS('Target Connections'!$A:$A,$A5,'Target Connections'!$N:$N,"Your move*")+COUNTIFS('Target Connections'!$A:$A,$A5,'Target Connections'!$N:$N,"They reached out*") -> 1 | J5: =COUNTIFS('Target Connections'!$A:$A,$A5,'Target Connections'!$N:$N,"Awaiting*")+COUNTIFS('Target Connections'!$A:$A,$A5,'Target Connections'!$N:$N,"You reached out*") -> 0 | K5: =COUNTIFS('Target Connections'!$A:$A,$A5,'Target Connections'!$N:$N,"Never messaged") -> 1 | L5: =SUMIFS('Target Connections'!$I:$I,'Target Connections'!$A:$A,$A5)+SUMIFS('Target Connections'!$J:$J,'Target Connections'!$A:$A,$A5) -> 2 | M5: =IF(H5=0,"",_xlfn.MAXIFS('Target Connections'!$L:$L,'Target Connections'!$A:$A,$A5)) -> 45910
A6: Bureau Veritas | B6: =COUNTIFS('Contact Matches'!$A:$A,$A6,'Contact Matches'!$E:$E,"<>") -> 0 | C6: =COUNTIFS('Contact Matches'!$A:$A,$A6,'Contact Matches'!$E:$E,"Current") -> 0 | D6: =COUNTIFS('Contact Matches'!$A:$A,$A6,'Contact Matches'!$E:$E,"Former") -> 0 | E6: =COUNTIFS('Contact Matches'!$A:$A,$A6,'Contact Matches'!$F:$F,"High") -> 0 | F6: =COUNTIFS('Contact Matches'!$A:$A,$A6,'Contact Matches'!$F:$F,"Medium") -> 0 | G6: =COUNTIFS('Contact Matches'!$A:$A,$A6,'Contact Matches'!$F:$F,"Low") -> 0 | H6: =COUNTIFS('Target Connections'!$A:$A,$A6,'Target Connections'!$H:$H,">0") -> 0 | I6: =COUNTIFS('Target Connections'!$A:$A,$A6,'Target Connections'!$N:$N,"Your move*")+COUNTIFS('Target Connections'!$A:$A,$A6,'Target Connections'!$N:$N,"They reached out*") -> 0 | J6: =COUNTIFS('Target Connections'!$A:$A,$A6,'Target Connections'!$N:$N,"Awaiting*")+COUNTIFS('Target Connections'!$A:$A,$A6,'Target Connections'!$N:$N,"You reached out*") -> 0 | K6: =COUNTIFS('Target Connections'!$A:$A,$A6,'Target Connections'!$N:$N,"Never messaged") -> 0 | L6: =SUMIFS('Target Connections'!$I:$I,'Target Connections'!$A:$A,$A6)+SUMIFS('Target Connections'!$J:$J,'Target Connections'!$A:$A,$A6) -> 0 | M6: =IF(H6=0,"",_xlfn.MAXIFS('Target Connections'!$L:$L,'Target Connections'!$A:$A,$A6))
A7: Accenture | B7: =COUNTIFS('Contact Matches'!$A:$A,$A7,'Contact Matches'!$E:$E,"<>") -> 4 | C7: =COUNTIFS('Contact Matches'!$A:$A,$A7,'Contact Matches'!$E:$E,"Current") -> 4 | D7: =COUNTIFS('Contact Matches'!$A:$A,$A7,'Contact Matches'!$E:$E,"Former") -> 0 | E7: =COUNTIFS('Contact Matches'!$A:$A,$A7,'Contact Matches'!$F:$F,"High") -> 2 | F7: =COUNTIFS('Contact Matches'!$A:$A,$A7,'Contact Matches'!$F:$F,"Medium") -> 2 | G7: =COUNTIFS('Contact Matches'!$A:$A,$A7,'Contact Matches'!$F:$F,"Low") -> 0 | H7: =COUNTIFS('Target Connections'!$A:$A,$A7,'Target Connections'!$H:$H,">0") -> 3 | I7: =COUNTIFS('Target Connections'!$A:$A,$A7,'Target Connections'!$N:$N,"Your move*")+COUNTIFS('Target Connections'!$A:$A,$A7,'Target Connections'!$N:$N,"They reached out*") -> 3 | J7: =COUNTIFS('Target Connections'!$A:$A,$A7,'Target Connections'!$N:$N,"Awaiting*")+COUNTIFS('Target Connections'!$A:$A,$A7,'Target Connections'!$N:$N,"You reached out*") -> 0 | K7: =COUNTIFS('Target Connections'!$A:$A,$A7,'Target Connections'!$N:$N,"Never messaged") -> 1 | L7: =SUMIFS('Target Connections'!$I:$I,'Target Connections'!$A:$A,$A7)+SUMIFS('Target Connections'!$J:$J,'Target Connections'!$A:$A,$A7) -> 7 | M7: =IF(H7=0,"",_xlfn.MAXIFS('Target Connections'!$L:$L,'Target Connections'!$A:$A,$A7)) -> 45933
A8: Claroty | B8: =COUNTIFS('Contact Matches'!$A:$A,$A8,'Contact Matches'!$E:$E,"<>") -> 2 | C8: =COUNTIFS('Contact Matches'!$A:$A,$A8,'Contact Matches'!$E:$E,"Current") -> 2 | D8: =COUNTIFS('Contact Matches'!$A:$A,$A8,'Contact Matches'!$E:$E,"Former") -> 0 | E8: =COUNTIFS('Contact Matches'!$A:$A,$A8,'Contact Matches'!$F:$F,"High") -> 2 | F8: =COUNTIFS('Contact Matches'!$A:$A,$A8,'Contact Matches'!$F:$F,"Medium") -> 0 | G8: =COUNTIFS('Contact Matches'!$A:$A,$A8,'Contact Matches'!$F:$F,"Low") -> 0 | H8: =COUNTIFS('Target Connections'!$A:$A,$A8,'Target Connections'!$H:$H,">0") -> 1 | I8: =COUNTIFS('Target Connections'!$A:$A,$A8,'Target Connections'!$N:$N,"Your move*")+COUNTIFS('Target Connections'!$A:$A,$A8,'Target Connections'!$N:$N,"They reached out*") -> 1 | J8: =COUNTIFS('Target Connections'!$A:$A,$A8,'Target Connections'!$N:$N,"Awaiting*")+COUNTIFS('Target Connections'!$A:$A,$A8,'Target Connections'!$N:$N,"You reached out*") -> 0 | K8: =COUNTIFS('Target Connections'!$A:$A,$A8,'Target Connections'!$N:$N,"Never messaged") -> 1 | L8: =SUMIFS('Target Connections'!$I:$I,'Target Connections'!$A:$A,$A8)+SUMIFS('Target Connections'!$J:$J,'Target Connections'!$A:$A,$A8) -> 2 | M8: =IF(H8=0,"",_xlfn.MAXIFS('Target Connections'!$L:$L,'Target Connections'!$A:$A,$A8)) -> 45792
A9: Nozomi Networks | B9: =COUNTIFS('Contact Matches'!$A:$A,$A9,'Contact Matches'!$E:$E,"<>") -> 1 | C9: =COUNTIFS('Contact Matches'!$A:$A,$A9,'Contact Matches'!$E:$E,"Current") -> 1 | D9: =COUNTIFS('Contact Matches'!$A:$A,$A9,'Contact Matches'!$E:$E,"Former") -> 0 | E9: =COUNTIFS('Contact Matches'!$A:$A,$A9,'Contact Matches'!$F:$F,"High") -> 1 | F9: =COUNTIFS('Contact Matches'!$A:$A,$A9,'Contact Matches'!$F:$F,"Medium") -> 0 | G9: =COUNTIFS('Contact Matches'!$A:$A,$A9,'Contact Matches'!$F:$F,"Low") -> 0 | H9: =COUNTIFS('Target Connections'!$A:$A,$A9,'Target Connections'!$H:$H,">0") -> 0 | I9: =COUNTIFS('Target Connections'!$A:$A,$A9,'Target Connections'!$N:$N,"Your move*")+COUNTIFS('Target Connections'!$A:$A,$A9,'Target Connections'!$N:$N,"They reached out*") -> 0 | J9: =COUNTIFS('Target Connections'!$A:$A,$A9,'Target Connections'!$N:$N,"Awaiting*")+COUNTIFS('Target Connections'!$A:$A,$A9,'Target Connections'!$N:$N,"You reached out*") -> 0 | K9: =COUNTIFS('Target Connections'!$A:$A,$A9,'Target Connections'!$N:$N,"Never messaged") -> 1 | L9: =SUMIFS('Target Connections'!$I:$I,'Target Connections'!$A:$A,$A9)+SUMIFS('Target Connections'!$J:$J,'Target Connections'!$A:$A,$A9) -> 0 | M9: =IF(H9=0,"",_xlfn.MAXIFS('Target Connections'!$L:$L,'Target Connections'!$A:$A,$A9))
A10: 1898 & Co. (Burns & McDonnell) | B10: =COUNTIFS('Contact Matches'!$A:$A,$A10,'Contact Matches'!$E:$E,"<>") -> 1 | C10: =COUNTIFS('Contact Matches'!$A:$A,$A10,'Contact Matches'!$E:$E,"Current") -> 1 | D10: =COUNTIFS('Contact Matches'!$A:$A,$A10,'Contact Matches'!$E:$E,"Former") -> 0 | E10: =COUNTIFS('Contact Matches'!$A:$A,$A10,'Contact Matches'!$F:$F,"High") -> 0 | F10: =COUNTIFS('Contact Matches'!$A:$A,$A10,'Contact Matches'!$F:$F,"Medium") -> 1 | G10: =COUNTIFS('Contact Matches'!$A:$A,$A10,'Contact Matches'!$F:$F,"Low") -> 0 | H10: =COUNTIFS('Target Connections'!$A:$A,$A10,'Target Connections'!$H:$H,">0") -> 0 | I10: =COUNTIFS('Target Connections'!$A:$A,$A10,'Target Connections'!$N:$N,"Your move*")+COUNTIFS('Target Connections'!$A:$A,$A10,'Target Connections'!$N:$N,"They reached out*") -> 0 | J10: =COUNTIFS('Target Connections'!$A:$A,$A10,'Target Connections'!$N:$N,"Awaiting*")+COUNTIFS('Target Connections'!$A:$A,$A10,'Target Connections'!$N:$N,"You reached out*") -> 0 | K10: =COUNTIFS('Target Connections'!$A:$A,$A10,'Target Connections'!$N:$N,"Never messaged") -> 1 | L10: =SUMIFS('Target Connections'!$I:$I,'Target Connections'!$A:$A,$A10)+SUMIFS('Target Connections'!$J:$J,'Target Connections'!$A:$A,$A10) -> 0 | M10: =IF(H10=0,"",_xlfn.MAXIFS('Target Connections'!$L:$L,'Target Connections'!$A:$A,$A10))
A11: PwC | B11: =COUNTIFS('Contact Matches'!$A:$A,$A11,'Contact Matches'!$E:$E,"<>") -> 1 | C11: =COUNTIFS('Contact Matches'!$A:$A,$A11,'Contact Matches'!$E:$E,"Current") -> 1 | D11: =COUNTIFS('Contact Matches'!$A:$A,$A11,'Contact Matches'!$E:$E,"Former") -> 0 | E11: =COUNTIFS('Contact Matches'!$A:$A,$A11,'Contact Matches'!$F:$F,"High") -> 1 | F11: =COUNTIFS('Contact Matches'!$A:$A,$A11,'Contact Matches'!$F:$F,"Medium") -> 0 | G11: =COUNTIFS('Contact Matches'!$A:$A,$A11,'Contact Matches'!$F:$F,"Low") -> 0 | H11: =COUNTIFS('Target Connections'!$A:$A,$A11,'Target Connections'!$H:$H,">0") -> 1 | I11: =COUNTIFS('Target Connections'!$A:$A,$A11,'Target Connections'!$N:$N,"Your move*")+COUNTIFS('Target Connections'!$A:$A,$A11,'Target Connections'!$N:$N,"They reached out*") -> 1 | J11: =COUNTIFS('Target Connections'!$A:$A,$A11,'Target Connections'!$N:$N,"Awaiting*")+COUNTIFS('Target Connections'!$A:$A,$A11,'Target Connections'!$N:$N,"You reached out*") -> 0 | K11: =COUNTIFS('Target Connections'!$A:$A,$A11,'Target Connections'!$N:$N,"Never messaged") -> 0 | L11: =SUMIFS('Target Connections'!$I:$I,'Target Connections'!$A:$A,$A11)+SUMIFS('Target Connections'!$J:$J,'Target Connections'!$A:$A,$A11) -> 2 | M11: =IF(H11=0,"",_xlfn.MAXIFS('Target Connections'!$L:$L,'Target Connections'!$A:$A,$A11)) -> 44867
A12: Honeywell | B12: =COUNTIFS('Contact Matches'!$A:$A,$A12,'Contact Matches'!$E:$E,"<>") -> 2 | C12: =COUNTIFS('Contact Matches'!$A:$A,$A12,'Contact Matches'!$E:$E,"Current") -> 2 | D12: =COUNTIFS('Contact Matches'!$A:$A,$A12,'Contact Matches'!$E:$E,"Former") -> 0 | E12: =COUNTIFS('Contact Matches'!$A:$A,$A12,'Contact Matches'!$F:$F,"High") -> 2 | F12: =COUNTIFS('Contact Matches'!$A:$A,$A12,'Contact Matches'!$F:$F,"Medium") -> 0 | G12: =COUNTIFS('Contact Matches'!$A:$A,$A12,'Contact Matches'!$F:$F,"Low") -> 0 | H12: =COUNTIFS('Target Connections'!$A:$A,$A12,'Target Connections'!$H:$H,">0") -> 1 | I12: =COUNTIFS('Target Connections'!$A:$A,$A12,'Target Connections'!$N:$N,"Your move*")+COUNTIFS('Target Connections'!$A:$A,$A12,'Target Connections'!$N:$N,"They reached out*") -> 0 | J12: =COUNTIFS('Target Connections'!$A:$A,$A12,'Target Connections'!$N:$N,"Awaiting*")+COUNTIFS('Target Connections'!$A:$A,$A12,'Target Connections'!$N:$N,"You reached out*") -> 1 | K12: =COUNTIFS('Target Connections'!$A:$A,$A12,'Target Connections'!$N:$N,"Never messaged") -> 1 | L12: =SUMIFS('Target Connections'!$I:$I,'Target Connections'!$A:$A,$A12)+SUMIFS('Target Connections'!$J:$J,'Target Connections'!$A:$A,$A12) -> 1 | M12: =IF(H12=0,"",_xlfn.MAXIFS('Target Connections'!$L:$L,'Target Connections'!$A:$A,$A12)) -> 46078
A13: Rockwell Automation | B13: =COUNTIFS('Contact Matches'!$A:$A,$A13,'Contact Matches'!$E:$E,"<>") -> 2 | C13: =COUNTIFS('Contact Matches'!$A:$A,$A13,'Contact Matches'!$E:$E,"Current") -> 2 | D13: =COUNTIFS('Contact Matches'!$A:$A,$A13,'Contact Matches'!$E:$E,"Former") -> 0 | E13: =COUNTIFS('Contact Matches'!$A:$A,$A13,'Contact Matches'!$F:$F,"High") -> 2 | F13: =COUNTIFS('Contact Matches'!$A:$A,$A13,'Contact Matches'!$F:$F,"Medium") -> 0 | G13: =COUNTIFS('Contact Matches'!$A:$A,$A13,'Contact Matches'!$F:$F,"Low") -> 0 | H13: =COUNTIFS('Target Connections'!$A:$A,$A13,'Target Connections'!$H:$H,">0") -> 1 | I13: =COUNTIFS('Target Connections'!$A:$A,$A13,'Target Connections'!$N:$N,"Your move*")+COUNTIFS('Target Connections'!$A:$A,$A13,'Target Connections'!$N:$N,"They reached out*") -> 0 | J13: =COUNTIFS('Target Connections'!$A:$A,$A13,'Target Connections'!$N:$N,"Awaiting*")+COUNTIFS('Target Connections'!$A:$A,$A13,'Target Connections'!$N:$N,"You reached out*") -> 1 | K13: =COUNTIFS('Target Connections'!$A:$A,$A13,'Target Connections'!$N:$N,"Never messaged") -> 1 | L13: =SUMIFS('Target Connections'!$I:$I,'Target Connections'!$A:$A,$A13)+SUMIFS('Target Connections'!$J:$J,'Target Connections'!$A:$A,$A13) -> 2 | M13: =IF(H13=0,"",_xlfn.MAXIFS('Target Connections'!$L:$L,'Target Connections'!$A:$A,$A13)) -> 45524
... A16: Kudelski Security | B16: =COUNTIFS('Contact Matches'!$A:$A,$A16,'Contact Matches'!$E:$E,"<>") -> 2 | C16: =COUNTIFS('Contact Matches'!$A:$A,$A16,'Contact Matches'!$E:$E,"Current") -> 2 | D16: =COUNTIFS('Contact Matches'!$A:$A,$A16,'Contact Matches'!$E:$E,"Former") -> 0 | E16: =COUNTIFS('Contact Matches'!$A:$A,$A16,'Contact Matches'!$F:$F,"High") -> 1 | F16: =COUNTIFS('Contact Matches'!$A:$A,$A16,'Contact Matches'!$F:$F,"Medium") -> 1 | G16: =COUNTIFS('Contact Matches'!$A:$A,$A16,'Contact Matches'!$F:$F,"Low") -> 0 | H16: =COUNTIFS('Target Connections'!$A:$A,$A16,'Target Connections'!$H:$H,">0") -> 1 | I16: =COUNTIFS('Target Connections'!$A:$A,$A16,'Target Connections'!$N:$N,"Your move*")+COUNTIFS('Target Connections'!$A:$A,$A16,'Target Connections'!$N:$N,"They reached out*") -> 0 | J16: =COUNTIFS('Target Connections'!$A:$A,$A16,'Target Connections'!$N:$N,"Awaiting*")+COUNTIFS('Target Connections'!$A:$A,$A16,'Target Connections'!$N:$N,"You reached out*") -> 1 | K16: =COUNTIFS('Target Connections'!$A:$A,$A16,'Target Connections'!$N:$N,"Never messaged") -> 1 | L16: =SUMIFS('Target Connections'!$I:$I,'Target Connections'!$A:$A,$A16)+SUMIFS('Target Connections'!$J:$J,'Target Connections'!$A:$A,$A16) -> 3 | M16: =IF(H16=0,"",_xlfn.MAXIFS('Target Connections'!$L:$L,'Target Connections'!$A:$A,$A16)) -> 45861
A17: TOTAL | B17: =SUM(B2:B16) -> 28 | C17: =SUM(C2:C16) -> 27 | D17: =SUM(D2:D16) -> 1 | E17: =SUM(E2:E16) -> 23 | F17: =SUM(F2:F16) -> 5 | G17: =SUM(G2:G16) -> 0 | H17: =SUM(H2:H16) -> 17 | I17: =SUM(I2:I16) -> 11 | ... L17: =SUM(L2:L16) -> 35
A19: How this workbook was built
A20: Contact Matches: connections whose Company field names a target, including clear variants (subsidiary, regional entity, parent, former name). Targets with no match show 'No match found'.
A21: Match Confidence: High = Company field names the target (or a regional entity of it); Medium = affiliate/subsidiary/parent/acquired company, or a former employee; Low = plausible but uncertain.
A22: Current or Former: LinkedIn's export only lists each connection's current employer, so 'Former' is used only where the data says so (e.g. 'Ex EY', Position 'Retired').
A23: Target Connections / Messages: messages linked to each matched connection by LinkedIn profile URL (not by name). Group conversations count toward every matched person in them.
A24: Status: 'Your move' = they sent the last message; 'Awaiting reply' = you sent the last message. Dates are UTC.
A25: Message export covers 02 Nov 2022 to 13 Mar 2026; anything after that isn't included.

Sheet Contact Matches
A1: Company | B1: Matched Contact Name | C1: Contact's Title | D1: Contact's LinkedIn Profile URL | E1: Current or Former | F1: Match Confidence | G1: Company as Listed in CSV | H1: Match Note
A2: Dragos | B2: Marcus Bell | C2: Director, Professional Services | D2: https://www.linkedin.com/in/sample-marcus-bell | E2: Current | F2: High | G2: Dragos, Inc.
A3: Dragos | B3: Priya Natarajan | C3: Principal Industrial Consultant | D3: https://www.linkedin.com/in/sample-priya-natarajan | E3: Current | F3: High | G3: Dragos, Inc.
A4: EY (Ernst & Young) | B4: Daniel Okafor | C4: Senior Manager, OT Cyber Risk | D4: https://www.linkedin.com/in/sample-daniel-okafor | E4: Current | F4: High | G4: Ernst & Young LLP
A5: EY (Ernst & Young) | B5: Elena Ruiz | C5: Partner, Cybersecurity Consulting | D5: https://www.linkedin.com/in/sample-elena-ruiz | E5: Current | F5: High | G5: EY
A6: EY (Ernst & Young) | B6: Grace Lindqvist | C6: Talent Acquisition Lead, Consulting | D6: https://www.linkedin.com/in/sample-grace-lindqvist | E6: Current | F6: High | G6: EY
A7: EY (Ernst & Young) | B7: Robert Haines | C7: Retired | D7: https://www.linkedin.com/in/sample-robert-haines | E7: Former | F7: Medium | G7: Ex EY | H7: Company field reads "Ex EY"; Position lists "Retired"
A8: Deloitte | B8: Kevin Tran | C8: Senior Consultant, OT Security | D8: https://www.linkedin.com/in/sample-kevin-tran | E8: Current | F8: High | G8: Deloitte
A9: Deloitte | B9: Sofia Marchetti | C9: Managing Director, Cyber & Strategic Risk | D9: https://www.linkedin.com/in/sample-sofia-marchetti | E9: Current | F9: High | G9: Deloitte
A10: KPMG | B10: Hannah Weiss | C10: Director, Cyber Security Services | D10: https://www.linkedin.com/in/sample-hannah-weiss | E10: Current | F10: High | G10: KPMG US | H10: Regional entity
A11: KPMG | B11: Omar Haddad | C11: Manager, Industrial Cybersecurity | D11: https://www.linkedin.com/in/sample-omar-haddad | E11: Current | F11: High | G11: KPMG
A12: Bureau Veritas | B12: No match found | H12: No contact in the CSV lists this company
A13: Accenture | B13: James Whitaker | C13: Senior Manager, OT Security | D13: https://www.linkedin.com/in/sample-james-whitaker | E13: Current | F13: High | G13: Accenture
A14: Accenture | B14: Laura Chen | C14: Managing Director, Security - Industry X | D14: https://www.linkedin.com/in/sample-laura-chen | E14: Current | F14: High | G14: Accenture
A15: Accenture | B15: Chris Delgado | C15: Security Solutions Director | D15: https://www.linkedin.com/in/sample-chris-delgado | E15: Current | F15: Medium | G15: Avanade | H15: Avanade: Accenture-majority-owned JV with Microsoft
A16: Accenture | B16: Nadia Petrova | C16: Principal Director, Cyber | D16: https://www.linkedin.com/in/sample-nadia-petrova | E16: Current | F16: Medium | G16: Accenture Federal Services | H16: Accenture subsidiary (Accenture Federal Services)
A17: Claroty | B17: Aisha Bello | C17: Regional Sales Director | D17: https://www.linkedin.com/in/sample-aisha-bello | E17: Current | F17: High | G17: Claroty
A18: Claroty | B18: Tom Fischer | C18: Solutions Engineer, OT | D18: https://www.linkedin.com/in/sample-tom-fischer | E18: Current | F18: High | G18: Claroty
A19: Nozomi Networks | B19: Yuki Tanaka | C19: Customer Success Manager | D19: https://www.linkedin.com/in/sample-yuki-tanaka | E19: Current | F19: High | G19: Nozomi Networks
A20: 1898 & Co. (Burns & McDonnell) | B20: Brian Kowalski | C20: Project Manager, Electrical | D20: https://www.linkedin.com/in/sample-brian-kowalski | E20: Current | F20: Medium | G20: Burns & McDonnell | H20: Parent company (Burns & McDonnell)
A21: PwC | B21: Megan Foster | C21: Director, Cyber, Risk & Regulatory | D21: https://www.linkedin.com/in/sample-megan-foster | E21: Current | F21: High | G21: PwC
A22: Honeywell | B22: Arjun Mehta | C22: OT Cybersecurity Architect | D22: https://www.linkedin.com/in/sample-arjun-mehta | E22: Current | F22: High | G22: Honeywell
A23: Honeywell | B23: Carla Santos | C23: Global Services Leader | D23: https://www.linkedin.com/in/sample-carla-santos | E23: Current | F23: High | G23: Honeywell Process Solutions
A24: Rockwell Automation | B24: Diane Morris | C24: Account Manager | D24: https://www.linkedin.com/in/sample-diane-morris | E24: Current | F24: High | G24: Rockwell Automation
A25: Rockwell Automation | B25: Peter Novak | C25: Sr. Manager, Industrial Cybersecurity Services | D25: https://www.linkedin.com/in/sample-peter-novak | E25: Current | F25: High | G25: Rockwell Automation
A26: Booz Allen Hamilton | B26: Rachel Ito | C26: Lead Associate | D26: https://www.linkedin.com/in/sample-rachel-ito | E26: Current | F26: High | G26: Booz Allen Hamilton
A27: Booz Allen Hamilton | B27: Samuel Greene | C27: Principal, OT Cybersecurity | D27: https://www.linkedin.com/in/sample-samuel-greene | E27: Current | F27: High | G27: Booz Allen Hamilton
A28: Booz Allen Hamilton | B28: Victor Lang | C28: Senior Recruiter, Cyber | D28: https://www.linkedin.com/in/sample-victor-lang | E28: Current | F28: High | G28: Booz Allen Hamilton
A29: DNV (Applied Risk) | B29: No match found | H29: No contact in the CSV lists this company
A30: Kudelski Security | B30: Isabel Duarte | C30: VP, Advisory Services | D30: https://www.linkedin.com/in/sample-isabel-duarte | E30: Current | F30: High | G30: Kudelski Security
A31: Kudelski Security | B31: Felix Brandt | C31: Head of IoT Security | D31: https://www.linkedin.com/in/sample-felix-brandt | E31: Current | F31: Medium | G31: Kudelski Group | H31: Parent company (Kudelski Group)

Sheet Target Connections
A1: Target Company | B1: Name | C1: Position | D1: Company (LinkedIn) | E1: Connected On | F1: Email | G1: Profile URL | H1: Conversations | I1: Msgs Sent | J1: Msgs Received | K1: First Message | L1: Last Message | M1: Last From | N1: Status | O1: Last Message Preview | P1: Match Note
A2: Dragos | B2: Priya Natarajan | C2: Principal Industrial Consultant | D2: Dragos, Inc. | E2: 45336 | G2: https://www.linkedin.com/in/sample-priya-natarajan | H2: 1 | I2: 2 | J2: 2 | K2: 46055 | L2: 46057 | M2: Priya Natarajan | N2: Your move - they replied last | O2: Perfect, sending an invite now.
A3: Dragos | B3: Marcus Bell | C3: Director, Professional Services | D3: Dragos, Inc. | E3: 45079 | G3: https://www.linkedin.com/in/sample-marcus-bell | H3: 1 | I3: 1 | J3: 0 | K3: 45979 | L3: 45979 | M3: Me | N3: You reached out - no reply yet | O3: Marcus, I saw the Director, OT Services posting at Dragos. Any insight on the hiring manager?
A4: EY (Ernst & Young) | B4: Grace Lindqvist | C4: Talent Acquisition Lead, Consulting | D4: EY | E4: 45665 | G4: https://www.linkedin.com/in/sample-grace-lindqvist | H4: 1 | I4: 0 | J4: 1 | K4: 46083 | L4: 46083 | M4: Grace Lindqvist | N4: They reached out - no reply from you | O4: Hi Alex, Elena Ruiz passed along your name for a Director role in OT cyber. Can you share an updated resume?
A5: EY (Ernst & Young) | B5: Elena Ruiz | C5: Partner, Cybersecurity Consulting | D5: EY | E5: 43727 | G5: https://www.linkedin.com/in/sample-elena-ruiz | H5: 1 | I5: 1 | J5: 2 | K5: 46001 | L5: 46028 | M5: Elena Ruiz | N5: Your move - they replied last | O5: Let's target the week of the 19th. I'll loop in our talent lead.
A6: EY (Ernst & Young) | B6: Daniel Okafor | C6: Senior Manager, OT Cyber Risk | D6: Ernst & Young LLP | E6: 43901 | G6: https://www.linkedin.com/in/sample-daniel-okafor | H6: 1 | I6: 1 | J6: 1 | K6: 45455 | L6: 45456 | M6: Daniel Okafor | N6: Your move - they replied last | O6: Likewise! Ping me anytime.
A7: EY (Ernst & Young) | B7: Robert Haines | C7: Retired | D7: Ex EY | E7: 42939 | G7: https://www.linkedin.com/in/sample-robert-haines | H7: 0 | I7: 0 | J7: 0 | N7: Never messaged | P7: Company field reads "Ex EY"; Position lists "Retired"
A8: Deloitte | B8: Sofia Marchetti | C8: Managing Director, Cyber & Strategic Risk | D8: Deloitte | E8: 44499 | G8: https://www.linkedin.com/in/sample-sofia-marchetti | H8: 1 | I8: 1 | J8: 0 | K8: 46042 | L8: 46042 | M8: Me | N8: You reached out - no reply yet | O8: Sofia, I'm exploring Director-level OT advisory roles and would value 15 minutes of your perspective on Deloitte's practice.
A9: Deloitte | B9: Kevin Tran | C9: Senior Consultant, OT Security | D9: Deloitte | E9: 45399 | G9: https://www.linkedin.com/in/sample-kevin-tran | H9: 0 | I9: 0 | J9: 0 | N9: Never messaged
A10: KPMG | B10: Hannah Weiss | C10: Director, Cyber Security Services | D10: KPMG US | E10: 44686 | G10: https://www.linkedin.com/in/sample-hannah-weiss | H10: 1 | I10: 1 | J10: 1 | K10: 45908 | L10: 45910 | M10: Hannah Weiss | N10: Your move - they replied last | O10: Hi Alex - yes, we are. I'll send you the req when it opens. | P10: Regional entity
A11: KPMG | B11: Omar Haddad | C11: Manager, Industrial Cybersecurity | D11: KPMG | E11: 45159 | G11: https://www.linkedin.com/in/sample-omar-haddad | H11: 0 | I11: 0 | J11: 0 | N11: Never messaged
A12: Accenture | B12: James Whitaker | C12: Senior Manager, OT Security | D12: Accenture | E12: 44258 | G12: https://www.linkedin.com/in/sample-james-whitaker | H12: 1 | I12: 1 | J12: 2 | K12: 45931 | L12: 45933 | M12: James Whitaker | N12: Your move - they replied last | O12: James here - let's do a call next week.
A13: Accenture | B13: Laura Chen | C13: Managing Director, Security - Industry X | D13: Accenture | E13: 44177 | G13: https://www.linkedin.com/in/sample-laura-chen | H13: 1 | I13: 1 | J13: 2 | K13: 45931 | L13: 45933 | M13: James Whitaker | N13: Your move - they replied last | O13: James here - let's do a call next week.
A14: Accenture | B14: Chris Delgado | C14: Security Solutions Director | D14: Avanade | E14: 44813 | G14: https://www.linkedin.com/in/sample-chris-delgado | H14: 1 | I14: 0 | J14: 1 | K14: 45020 | L14: 45020 | M14: Chris Delgado | N14: They reached out - no reply from you | O14: Hi Alex, would you be interested in a webinar we're running on OT/IT convergence? | P14: Avanade: Accenture-majority-owned JV with Microsoft
A15: Accenture | B15: Nadia Petrova | C15: Principal Director, Cyber | D15: Accenture Federal Services | E15: 44587 | G15: https://www.linkedin.com/in/sample-nadia-petrova | H15: 0 | I15: 0 | J15: 0 | N15: Never messaged | P15: Accenture subsidiary (Accenture Federal Services)
A16: Claroty | B16: Aisha Bello | C16: Regional Sales Director | D16: Claroty | E16: 45245 | G16: https://www.linkedin.com/in/sample-aisha-bello | H16: 1 | I16: 1 | J16: 1 | K16: 45791 | L16: 45792 | M16: Aisha Bello | N16: Your move - they replied last | O16: We do - several of the Big 4. Happy to make an intro.
A17: Claroty | B17: Tom Fischer | C17: Solutions Engineer, OT | D17: Claroty | E17: 45716 | G17: https://www.linkedin.com/in/sample-tom-fischer | H17: 0 | I17: 0 | J17: 0 | N17: Never messaged
A18: Nozomi Networks | B18: Yuki Tanaka | C18: Customer Success Manager | D18: Nozomi Networks | E18: 44655 | G18: https://www.linkedin.com/in/sample-yuki-tanaka | H18: 0 | I18: 0 | J18: 0 | N18: Never messaged
A19: 1898 & Co. (Burns & McDonnell) | B19: Brian Kowalski | C19: Project Manager, Electrical | D19: Burns & McDonnell | E19: 44363 | G19: https://www.linkedin.com/in/sample-brian-kowalski | H19: 0 | I19: 0 | J19: 0 | N19: Never messaged | P19: Parent company (Burns & McDonnell)
A20: PwC | B20: Megan Foster | C20: Director, Cyber, Risk & Regulatory | D20: PwC | E20: 44977 | G20: https://www.linkedin.com/in/sample-megan-foster | H20: 1 | I20: 1 | J20: 1 | K20: 44867 | L20: 44867 | M20: Megan Foster | N20: Your move - they replied last | O20: Thank you Alex!
A21: Honeywell | B21: Arjun Mehta | C21: OT Cybersecurity Architect | D21: Honeywell | E21: 44111 | G21: https://www.linkedin.com/in/sample-arjun-mehta | H21: 1 | I21: 1 | J21: 0 | K21: 46078 | L21: 46078 | M21: Me | N21: You reached out - no reply yet | O21: Arjun, quick question on Honeywell's OT cyber services org - who leads the Americas team now?
A22: Honeywell | B22: Carla Santos | C22: Global Services Leader | D22: Honeywell Process Solutions | E22: 45304 | G22: https://www.linkedin.com/in/sample-carla-santos | H22: 0 | I22: 0 | J22: 0 | N22: Never messaged
A23: Rockwell Automation | B23: Peter Novak | C23: Sr. Manager, Industrial Cybersecurity Services | D23: Rockwell Automation | E23: 43706 | G23: https://www.linkedin.com/in/sample-peter-novak | H23: 1 | I23: 1 | J23: 1 | K23: 45523 | L23: 45524 | M23: Me | N23: Awaiting their reply | O23: Thanks Peter - not the right timing, but please keep me in mind.
A24: Rockwell Automation | B24: Diane Morris | C24: Account Manager | D24: Rockwell Automation | E24: 45787 | G24: https://www.linkedin.com/in/sample-diane-morris | H24: 0 | I24: 0 | J24: 0 | N24: Never messaged
A25: Booz Allen Hamilton | B25: Victor Lang | C25: Senior Recruiter, Cyber | D25: Booz Allen Hamilton | E25: 45992 | G25: https://www.linkedin.com/in/sample-victor-lang | H25: 1 | I25: 0 | J25: 1 | K25: 46091 | L25: 46091 | M25: Victor Lang | N25: They reached out - no reply from you | O25: Hi Alex, I'm recruiting for an OT Cybersecurity Lead at Booz Allen. Open to a quick call?
A26: Booz Allen Hamilton | B26: Samuel Greene | C26: Principal, OT Cybersecurity | D26: Booz Allen Hamilton | E26: 44638 | G26: https://www.linkedin.com/in/sample-samuel-greene | H26: 1 | I26: 2 | J26: 1 | K26: 46086 | L26: 46087 | M26: Me | N26: Awaiting their reply | O26: Thanks, appreciate it.
A27: Booz Allen Hamilton | B27: Rachel Ito | C27: Lead Associate | D27: Booz Allen Hamilton | E27: 45557 | G27: https://www.linkedin.com/in/sample-rachel-ito | H27: 0 | I27: 0 | J27: 0 | N27: Never messaged
A28: Kudelski Security | B28: Isabel Duarte | C28: VP, Advisory Services | D28: Kudelski Security | E28: 45134 | G28: https://www.linkedin.com/in/sample-isabel-duarte | H28: 1 | I28: 2 | J28: 1 | K28: 45860 | L28: 45861 | M28: Me | N28: Awaiting their reply | O28: Will do.
A29: Kudelski Security | B29: Felix Brandt | C29: Head of IoT Security | D29: Kudelski Group | E29: 44506 | G29: https://www.linkedin.com/in/sample-felix-brandt | H29: 0 | I29: 0 | J29: 0 | N29: Never messaged | P29: Parent company (Kudelski Group)

Sheet Messages
A1: Target Company | B1: Connection | C1: Date (UTC) | D1: Direction | E1: From | F1: To | G1: Conversation Title | H1: Message | I1: Folder | J1: Conversation ID
A2: Dragos | B2: Marcus Bell | C2: 45979.688 | D2: Sent | E2: Alex Morgan | F2: Marcus Bell | H2: Marcus, I saw the Director, OT Services posting at Dragos. Any insight on the hiring manager? | I2: INBOX | J2: 2-SAMPLE0001==
A3: Dragos | B3: Priya Natarajan | C3: 46055.59 | D3: Sent | E3: Alex Morgan | F3: Priya Natarajan | H3: Hi Priya, congrats on the new role at Dragos. Would love to hear how the services team is growing this year. | I3: INBOX | J3: 2-SAMPLE0000==
A4: Dragos | B4: Priya Natarajan | C4: 46056.39 | D4: Received | E4: Priya Natarajan | F4: Alex Morgan | H4: Thanks Alex! We're hiring across the consulting side. Happy to chat - how's next Tuesday? | I4: INBOX | J4: 2-SAMPLE0000==
A5: Dragos | B5: Priya Natarajan | C5: 46056.42 | D5: Sent | E5: Alex Morgan | F5: Priya Natarajan | H5: Tuesday works. 11am CT? | I5: INBOX | J5: 2-SAMPLE0000==
A6: Dragos | B6: Priya Natarajan | C6: 46057.361 | D6: Received | E6: Priya Natarajan | F6: Alex Morgan | H6: Perfect, sending an invite now. | I6: INBOX | J6: 2-SAMPLE0000==
A7: EY (Ernst & Young) | B7: Daniel Okafor | C7: 45455.458 | D7: Sent | E7: Alex Morgan | F7: Daniel Okafor | H7: Daniel - great seeing you at the S4 conference. Let's stay in touch. | I7: INBOX | J7: 2-SAMPLE0004==
A8: EY (Ernst & Young) | B8: Daniel Okafor | C8: 45456.34 | D8: Received | E8: Daniel Okafor | F8: Alex Morgan | H8: Likewise! Ping me anytime. | I8: INBOX | J8: 2-SAMPLE0004==
A9: EY (Ernst & Young) | B9: Elena Ruiz | C9: 46001.542 | D9: Received | E9: Elena Ruiz | F9: Alex Morgan | G9: Catching up | H9: Alex - long time! Are you open to a conversation about our OT practice? | I9: INBOX | J9: 2-SAMPLE0002==
A10: EY (Ernst & Young) | B10: Elena Ruiz | C10: 46002.385 | D10: Sent | E10: Alex Morgan | F10: Elena Ruiz | G10: Catching up | H10: Absolutely, Elena. I'd welcome that. What does your calendar look like in January? | I10: INBOX | J10: 2-SAMPLE0002==
A11: EY (Ernst & Young) | B11: Elena Ruiz | C11: 46028.521 | D11: Received | E11: Elena Ruiz | F11: Alex Morgan | G11: Catching up | H11: Let's target the week of the 19th. I'll loop in our talent lead. | I11: INBOX | J11: 2-SAMPLE0002==
A12: EY (Ernst & Young) | B12: Grace Lindqvist | C12: 46083.74 | D12: Received | E12: Grace Lindqvist | F12: Alex Morgan | H12: Hi Alex, Elena Ruiz passed along your name for a Director role in OT cyber. Can you share an updated resume? | I12: INBOX | J12: 2-SAMPLE0003==
A13: Deloitte | B13: Sofia Marchetti | C13: 46042.438 | D13: Sent | E13: Alex Morgan | F13: Sofia Marchetti | H13: Sofia, I'm exploring Director-level OT advisory roles and would value 15 minutes of your perspective on Deloitte's practice. | I13: INBOX | J13: 2-SAMPLE0005==
A14: KPMG | B14: Hannah Weiss | C14: 45908.625 | D14: Sent | E14: Alex Morgan | F14: Hannah Weiss | H14: Hi Hannah, thanks for connecting. Is KPMG building out industrial cyber in the central US? | I14: INBOX | J14: 2-SAMPLE0006==
A15: KPMG | B15: Hannah Weiss | C15: 45910.375 | D15: Received | E15: Hannah Weiss | F15: Alex Morgan | H15: Hi Alex - yes, we are. I'll send you the req when it opens. | I15: INBOX | J15: 2-SAMPLE0006==
A16: Accenture | B16: Chris Delgado | C16: 45020.417 | D16: Received | E16: Chris Delgado | F16: Alex Morgan | H16: Hi Alex, would you be interested in a webinar we're running on OT/IT convergence? | I16: INBOX | J16: 2-SAMPLE0008==
A17: Accenture | B17: James Whitaker | C17: 45931.583 | D17: Received | E17: Laura Chen | F17: Alex Morgan, James Whitaker | G17: OT practice | H17: Alex, James and I were just talking about you - we may have a fit on the Industry X team. | I17: INBOX | J17: 2-SAMPLE0007==
A18: Accenture | B18: James Whitaker | C18: 45931.681 | D18: Sent | E18: Alex Morgan | F18: Laura Chen, James Whitaker | G18: OT practice | H18: That's great to hear, thank you both. Happy to talk whenever works. | I18: INBOX | J18: 2-SAMPLE0007==
A19: Accenture | B19: James Whitaker | C19: 45933.406 | D19: Received | E19: James Whitaker | F19: Alex Morgan, Laura Chen | G19: OT practice | H19: James here - let's do a call next week. | I19: INBOX | J19: 2-SAMPLE0007==
A20: Accenture | B20: Laura Chen | C20: 45931.583 | D20: Received | E20: Laura Chen | F20: Alex Morgan, James Whitaker | G20: OT practice | H20: Alex, James and I were just talking about you - we may have a fit on the Industry X team. | I20: INBOX | J20: 2-SAMPLE0007==
A21: Accenture | B21: Laura Chen | C21: 45931.681 | D21: Sent | E21: Alex Morgan | F21: Laura Chen, James Whitaker | G21: OT practice | H21: That's great to hear, thank you both. Happy to talk whenever works. | I21: INBOX | J21: 2-SAMPLE0007==
A22: Accenture | B22: Laura Chen | C22: 45933.406 | D22: Received | E22: James Whitaker | F22: Alex Morgan, Laura Chen | G22: OT practice | H22: James here - let's do a call next week. | I22: INBOX | J22: 2-SAMPLE0007==
A23: Claroty | B23: Aisha Bello | C23: 45791.5 | D23: Sent | E23: Alex Morgan | F23: Aisha Bello | H23: Aisha, thanks for the demo last week. Do you partner with any consulting firms on deployments? | I23: INBOX | J23: 2-SAMPLE0009==
A24: Claroty | B24: Aisha Bello | C24: 45792.354 | D24: Received | E24: Aisha Bello | F24: Alex Morgan | H24: We do - several of the Big 4. Happy to make an intro. | I24: INBOX | J24: 2-SAMPLE0009==
A25: PwC | B25: Megan Foster | C25: 44867.549 | D25: Sent | E25: Alex Morgan | F25: Megan Foster | H25: Megan, congrats on the promotion! | I25: INBOX | J25: 2-SAMPLE0010==
A26: PwC | B26: Megan Foster | C26: 44867.75 | D26: Received | E26: Megan Foster | F26: Alex Morgan | H26: Thank you Alex! | I26: INBOX | J26: 2-SAMPLE0010==
A27: Honeywell | B27: Arjun Mehta | C27: 46078.375 | D27: Sent | E27: Alex Morgan | F27: Arjun Mehta | H27: Arjun, quick question on Honeywell's OT cyber services org - who leads the Americas team now? | I27: INBOX | J27: 2-SAMPLE0011==
A28: Rockwell Automation | B28: Peter Novak | C28: 45523.646 | D28: Received | E28: Peter Novak | F28: Alex Morgan | H28: Alex, we have an opening for a Sr. Manager in our cybersecurity services group. Interested? | I28: INBOX | J28: 2-SAMPLE0012==
A29: Rockwell Automation | B29: Peter Novak | C29: 45524.417 | D29: Sent | E29: Alex Morgan | F29: Peter Novak | H29: Thanks Peter - not the right timing, but please keep me in mind. | I29: INBOX | J29: 2-SAMPLE0012==
A30: Booz Allen Hamilton | B30: Samuel Greene | C30: 46086.469 | D30: Sent | E30: Alex Morgan | F30: Samuel Greene | H30: Sam, I'm interested in the OT principal role on your team. Could we connect this week? | I30: INBOX | J30: 2-SAMPLE0013==
A31: Booz Allen Hamilton | B31: Samuel Greene | C31: 46087.326 | D31: Received | E31: Samuel Greene | F31: Alex Morgan | H31: Sure - let me check with the hiring lead and circle back. | I31: INBOX | J31: 2-SAMPLE0013==
A32: Booz Allen Hamilton | B32: Samuel Greene | C32: 46087.354 | D32: Sent | E32: Alex Morgan | F32: Samuel Greene | H32: Thanks, appreciate it. | I32: INBOX | J32: 2-SAMPLE0013==
A33: Booz Allen Hamilton | B33: Victor Lang | C33: 46091.667 | D33: Received | E33: Victor Lang | F33: Alex Morgan | H33: Hi Alex, I'm recruiting for an OT Cybersecurity Lead at Booz Allen. Open to a quick call? | I33: INBOX | J33: 2-SAMPLE0014==
A34: Kudelski Security | B34: Isabel Duarte | C34: 45860.583 | D34: Sent | E34: Alex Morgan | F34: Isabel Duarte | H34: Isabel, I enjoyed your talk on OT risk quantification. | I34: INBOX | J34: 2-SAMPLE0015==
... A36: Kudelski Security | B36: Isabel Duarte | C36: 45861.417 | D36: Sent | E36: Alex Morgan | F36: Isabel Duarte | H36: Will do. | I36: INBOX | J36: 2-SAMPLE0015==
